Departure,Average,Ratio,Class
5:00AM,66,1.0,1
5:15AM,65,0.9848484848484849,1
5:30AM,59,0.8939393939393939,1
5:45AM,56,0.8484848484848485,1
6:00AM,58,0.8787878787878788,1
6:15AM,53,0.803030303030303,1
6:30AM,48,0.7272727272727273,1.33
6:45AM,40,0.6060606060606061,1.33
7:00AM,37,0.5606060606060606,1.33
7:15AM,36,0.5454545454545454,1.33
7:30AM,34,0.5151515151515151,1.33
7:45AM,33,0.5,2
8:00AM,36,0.5454545454545454,1.33
8:15AM,41,0.6212121212121212,1.33
8:30AM,42,0.6363636363636364,1.33
8:45AM,44,0.6666666666666666,1.33
9:00AM,44,0.6666666666666666,1.33
9:15AM,46,0.696969696969697,1.33
9:30AM,49,0.7424242424242424,1.33
9:45AM,53,0.803030303030303,1
10:00AM,55,0.8333333333333334,1
10:15AM,55,0.8333333333333334,1
10:30AM,56,0.8484848484848485,1
10:45AM,56,0.8484848484848485,1
11:00AM,56,0.8484848484848485,1
11:15AM,55,0.8333333333333334,1
11:30AM,54,0.8181818181818182,1
11:45AM,58,0.8787878787878788,1
12:00PM,57,0.8636363636363636,1
12:15PM,57,0.8636363636363636,1
12:30PM,58,0.8787878787878788,1
12:45PM,59,0.8939393939393939,1
1:00PM,58,0.8787878787878788,1
1:15PM,58,0.8787878787878788,1
1:30PM,58,0.8787878787878788,1
1:45PM,57,0.8636363636363636,1
2:00PM,53,0.803030303030303,1
2:15PM,57,0.8636363636363636,1
2:30PM,56,0.8484848484848485,1
2:45PM,54,0.8181818181818182,1
3:00PM,55,0.8333333333333334,1
3:15PM,55,0.8333333333333334,1
3:30PM,53,0.803030303030303,1
3:45PM,49,0.7424242424242424,1.33
4:00PM,49,0.7424242424242424,1.33
4:15PM,46,0.696969696969697,1.33
4:30PM,44,0.6666666666666666,1.33
4:45PM,39,0.5909090909090909,1.33
5:00PM,38,0.5757575757575758,1.33
5:15PM,31,0.4696969696969697,2
5:30PM,30,0.45454545454545453,2
5:45PM,31,0.4696969696969697,2
6:00PM,36,0.5454545454545454,1.33
6:15PM,42,0.6363636363636364,1.33
6:30PM,47,0.7121212121212122,1.33
6:45PM,51,0.7727272727272727,1
